user_display_name,comment_id,comment_text,user_id
C.M.S.27 Nuraghe Forte,6801126,io ho votato ma non per dispetto ...bensi&acute;perche&acute;questo governo e fallimentare e questa riforma e solo una farsa ,9760634
svegliaitalia,6801125,"Five!!! No melodrammi. Ricordi 'millennium bug'? Miliardi spesi nel mondo in software e consulenti, perch&eacute; i computer, il minuto dopo il 31.12.1999.... Successe nulla e l'Italia, che aveva speso circa 8-10mila lire (che cmq valevano pi&ugrave; 5&euro; di oggi), fece dire al pianeta &quot;ammazza, sti italiani...&quot;",2695291
Lettore_10618828,6801124,"Da quando Napolitano ha sospeso il voto in Italia ci siamo beccati : la fornero,il jobs act , i bidoni bancari.Ora Renzi vorrebbe continuare le riforme e il cambiamento.Rottama Bersani e si tiene Verdini ,Schifani e compagnia cantante.&#10;Voleva il plebiscito  e lo trovera' per andare a casa.",10618828
Corr.46,6801116,1)volatilit&agrave; per aumento MPS potrebbe essere causata dagli avvenimenti accaduti e che accadranno? Diamo i numeri? 2) ricordiamo che MPS ha bruciato 8miliardi in 2 anni ha la pi&ugrave; alta percentuali di crediti in difficolt&agrave; e chiede ai clienti di convertire i bond subordinati in azioni 3) questa &egrave; -/-,10274658
Fattucchiera,6801113,non avevo dubbi!!! bacio!,2987642
anticagenerazione,6801112,"Certo che Renzi se le sogna tutte pur di vincere, prima l'appoggio della Merckel, poi quello di Obama, adesso l'intervento della Banca d'Italia a far venire i timori  se dovesse perdere il si. Cosa ci dobbiamo aspettare da Renzi in questi ultimi giorni  elettorali?",11567719
svegliaitalia,6801108,"Nep, almeno la logica, oltre all'ironia. Trump, tu ammetti, rompe il conformismo di Hillary (miiii, ieri com'era ridotta...). Se Renzi, sbagliando totalmente pure l'approccio politico alla questione, &egrave; grande supporter di Hillary e gran Ciambellano di politiche UE, in cosa rappresenterebbe il NEW???",2695291
schiller5,6801105,"cosa osservo?   capisci o no che brexit nn c'&egrave; ancora stata??  nn &egrave; ancora  operativa??  la svizzera e norvegia nn  sono in ue  ma hanno  obblighi forse  maggiori di quanto  aveva  la uk,  se nn si conoscono a quale condizione avverr&agrave;  nessuno si &egrave; ancora mosso tranne in parte la sterlina",9647204
Corr.46,6801104,"-/- ai miei &quot;gioielli&quot; e desidero che rimangano al loro posto. Poi possiamo imbastire un confronto e verifichiamo qual'e' la parte di elettori che si dimostra pi&ugrave; preparata sul referendum, sulla politica e sull'economia e cos&igrave; stabiliamo anche chi &egrave; pi&ugrave; appiattito sulle posizioni filo-governative. C",10274658
pbl933,6801098,"Bankitalia &egrave; ormai una istituzione  inutile, sostituita da BCE e EBA. La vigilanza poi ha fallito come dimostra MPS, Etruria e similia. Da sempre &egrave; filogovernativa. Ora le conviene ancora di pi&ugrave;.",2739904
Rinato,6801096,voglio continuare -anzi a riprendere- a votare i senatori fino a quando ci sar&agrave; il senato. T&egrave; cap&igrave;???,1683056
Lettore_5130834,6801094,ecco centrato il problema.,5130834
Rinato,6801092,gi&agrave; fatto e mi son pagato 4 avvocati ma nemmeno loro ci capiscono. Quindi si tenga la sua meraviglia partorita dai costituenti bo-et-ga-,1683056
Corr.46,6801091,"Amico GIGGI, insisti troppo nell'affermare che chi vota &quot;no&quot; lo fa per dispetto contro il Governo, come quel tale che per far dispetto alla moglie...Ci saranno molte signore indispettite perch&eacute; le hai trascurate e non hai pensato alla loro soluzione, da parte mia ti assicuro che ci tengo ai miei -/-",10274658
Ofelia,6801090,"Bacio,bacio,bacio,bacio! Smack,smack!",9798666
Rinato,6801089,compagno tu lavora io magno.... complimenti e anche complinasi....compliorecchie ecc.,1683056
Lettore_5130834,6801088,"renzi dove ci st&agrave; portando con le sue mille promesse,?",5130834
C.M.S.27 Nuraghe Forte,6801087,non tutte ma molte si ...se vuoi ti racconto Cosa mi dicevano le donne sui tedeschi ... potrei scrivere un paio di libri,9760634
Rinato,6801086,"ma come?? &egrave; tutto il giorno che sfreghi la palla di vetro, vedo vedo.. vedo.... e su brexit non osservi i fatti??? fai ciao con la manina agli 80 miserabili euro che ti manda il bomba prelevandoli ai tartassati, Manca poco ed &egrave; finita. ",1683056
Natalino79,6801084,Che garanzia abbiamo che la riforma costituzionale di Renzi non faccia la stessa fine dell'ITALICUM?? Appena votato e declamato come miglior esempio di legge elettorale al mondo oggi viene da Renzi stesso considerato DA ROTTAMARE. Rottamer&agrave; fra qualche mese anche questo aborto di riforma? NO GRAZIE!,9662017
schiller5,6801083,"vede l'italicum &egrave; una fesseria  nn in s&egrave;  ma per i tempi storici che viviamo, l'italia &egrave; un paese fragile  e  ha bisogno specie nei momenti di tempesta  di un governo ampio  cosa che l'italicum nn  garantisce, la svizzera  ha un governo di coalizione  da 60 anni con tutti dentro",9647204
Corr.46,6801082,"1) presto incominciero' a cantare &quot;Bandiera Rossa&quot;, 2) vergognosa passerella del Governo in ogni momento in TV, Renzi interviste a go-go senza contraddittorio 3) chi vota &quot;no&quot; ha stessa dignit&agrave; di chi vota &quot;si&quot;. I miei dubbi stanno per svanire grazie ai discorsi surreali di Schiller5,che non ne azze",10274658
Italocroaticus,6801080,"Inutile drammatizzazione. Tutte le istituzioni del regime cercano di convincerci che &quot;S&igrave;&quot; &egrave; bello e ci far&agrave; avere prosperit&agrave;, con il &quot;No&quot; crolleranno le Borse. Come con Brexit e Trump.  Burattinata di regime. La democrazia &egrave; gi&agrave; a rischio.",12889189
pbl933,6801076,"Renzi rappresenta il passato, la continuit&agrave; con la vecchia DC. La riforma costituzionale &egrave; fatta per non cambiare nulla, per rafforzare i partiti a scapito dei cittadini. Con un piccolo sacrificio al senato, Renzi e i suoi sperano di garantirsi una comoda potrona molto a lungo. Pagano gli italiani ",2739904
bambino,6801071,"OK, ci siamo, st&agrave; arrivando il ricatto turbolento dei mercati...se abbiamo ancora  un p&ograve; di dignit&agrave;, spero che il referendum sia il punto di svolta.",5210038
schiller5,6801069,qui molta gente vive  sulla luna crede che sia un gioco e che nessuno si far&agrave; male..la cosa divertente  e che molte di queste persone    possiede discreti risparmi   e l'italia nn sono  gli usa o la svizzera/germania,9647204
limor,6801067,Bersani e D'Alema ci stanno portando nel baratro. Per la salute dell'Italia e dei nostri risparmi un S&Iacute; convinto !,2972601
NEPTUNE,6801062,"sei fuori strda a Bankitalia nn interessa ne di Renzi ne delle riforme  ma solo dell'economia del paese, dimmi tu quali vantaggi fantasmagorici avrebbe con il SI?? nessuno ! se sale il debito a loro cosa interessa, &quot;da voce ai mecati&quot; non vuole dire assolutamente niente anche se prendi 3 voti",2714055
Rinato,6801060,"ma dato che la mia educazione -che ho tentato di implementare c/o l'istituto dove l'hanno impartita a te- ( io ho trovato chiuso e han dato la colpa a una certa merlin) non me lo consente, non mi sono azzardato a porgerti quesiti di sorta. Pari.",1683056
schiller5,6801058,"brexit  nn si &egrave; ancora  realizzata  molti fanno fatica a capirlo e nn si sa  a quale condizioni avverr&agrave;, se fosse  come svizzera  e norvegia  cambierebbe poco,  ma sono concetti cosi difficili da capire??  ",9647204
Corr.46,6801057,"Schiller dia  una ripassata alla lezione, poi pu&ograve; salire in cattedra e subito ridiscendere per inadeguatezza. ",10274658
Fattucchiera,6801056,condivido con affetto X2.,2987642
NEPTUNE,6801047,"Nuraghe Forte e il classico immigrato che la lega vorrebbe avere, il suo paese e il migliore, la Germania fa schifo  e le donne Tedesche tutte a sua disposizione",2714055
NEPTUNE,6801041,"ma cosa me ne frega di Renzi io penso per me, non saro mai uno strumento politico di qualcuno che si arricchisce a mio discapito.. ",2714055
Natalino79,6801040,Che garanzia abbiamo che la riforma costituzionale di Renzi non faccia la stessa fine dell'ITALICUM?? Appena votato e declamato come miglior esempio di legge elettorale al mondo oggi viene da Renzi stesso considerato DA ROTTAMARE. Rottamer&agrave; fra qualche mese anche questo aborto di riforma? NO GRAZIE!,9662017
C.M.S.27 Nuraghe Forte,6801039,io posso permettermi di parlare male del paese e degli italiani qui nel forum italiano ...ma mai parlato male sia del paese e degli italiani con i tedeschi ...ne mai permesso di farlo  loro ,9760634
Ofelia,6801036,E se fosse l'ultimo highlander?,9798666
NEPTUNE,6801031,"Studia la storia... esci dall'Euro converti in Lire, svaluti e con i risparmi ci compri una crosta di formaggio.. gia successo in Italia molti anni fa, gia successo anche in Russia quando e fallita le pensioni decenti con il comunismo adesso sono 100&euro; mese , non pensiate che capiti solo agli altri ",2714055
Rinato,6801026,meglio cos&igrave;.,1683056
ares70,6801018,Rinato??! Usi la sua conoscenza della lingua italiana e legga cosa dice questa benedetta riforma poi valuri; lasci stare le campane stonate di chi vuole mantenere i suoi privilegi. ,8679464
necaev,6801017,"C'&egrave; qualcun altro che vuole supportare il super-pacco di Renzie? che so...i boy scout, i club filatelici, gli ultras del Rignano, le ballerine della Scala&hellip; Bankitalia farebbe meglio a meditare sul suo operato (leggere Corriere economia di oggi) al posto di tirare la volata al lattante bugiardo",2448980
Volpegrigia,6801013,Se non saranno &quot;compensate&quot; dai dazi doganali di Trump!?,2752220
ares70,6801012,Nn deve credere alle cassandra del si ma valutare nel merito quello che &egrave; scritto nel testo della riforma. Il referendum non &egrave; sull'operato del governo. ,8679464
Volpegrigia,6801009,"Se l'avessi chiesto a me, ti avrei fatto una &quot;bella lista della spesa&quot;!?",2752220
ares70,6801008,"Non &egrave; dal tono di chi espone le sue ragioni che deve decidere, ma leggendo cosa dice la riforma e valutando se &egrave; positiva o no per lei. &#10;Questo &egrave; quello che farebbe una persona saggia e che tiene al suo paese, altre considerazioni sono inutili e dannose. ",8679464
schiller5,6801007,qualcuno ha detto  mai ragionare con le folle  &egrave; completamente inutile..lei ne &egrave; un perfetto esempio,9647204
C.M.S.27 Nuraghe Forte,6801005,il mio no votato oggi contro renzi  almeno per me significa no all.accoglienza senza limiti no all.euro che sta strangolando il paese no alla Germania  che pensa non all.europa ma solo per i suoi interessi ...,9760634
schiller5,6801003,"bravo  con il protezionismo che si prospetta,,,,,voleranno  nn capisce che l' amministrazione trump  rivoluzioner&agrave; totalmente  il commercio internazionale...in pi&ugrave; il nostro debito nn sar&agrave; pi&ugrave; sostenibile",9647204
Rinato,6800999,nemmeno per brexit eppure.... ci stanno prendendo a merluzzi in faccia  - economicamente parlando-,1683056
Rinato,6800998,"renzie sloggia, ti pare poco??????",1683056
Rinato,6800992,a che ora l'eclisse totale?,1683056
schiller5,6800989,cosa si adeguano???  glii usa sono una superpotenza nn possono certo fallire in pi&ugrave; trump promette a wall street  mano completamente libera...provi a  fare  qualche ricerca storica su quali conseguenze ha avuto nel passato il ciclo in ascesa del $ sui paesi periferici  poi mi dice  ,9647204
Rea_Silvia,6800987,Sei un grande.,11505551
Rea_Silvia,6800984,"No caro, se permetti ci sono prima io.",11505551
Lettore_2474583,6800983,"Ho capito che era una battuta ... e che tu tieni alto l'onore degli Italiani all'estero, in questo caso in Germania!!!",2474583
Rea_Silvia,6800981,"Dormirai come un angioletto allora ma andiamoci piano con le battute, qui c'&egrave; gente che si arrabbia.",11505551
svegliaitalia,6800973,"Il prof De Fazio (illustre medico legale, pap&agrave; di carisssima amica) anni fa fu chiamato a Firenze x occuparsi dell'imprendibile Mostro (non il sindaco). Sconsolato il dott.cos&igrave; disse&quot;speriamo sia tanto vecchio, da autoestinguersi...&quot;. Sei intelligente in advance x immaginare dove voglio arrivare...",2695291
Rinato,6800972,come fa a &quot;sparire&quot;  una schiforma che NON &egrave; in vigore e viene mandata a casa insieme alla comitiva re-bo-ve??,1683056
Rea_Silvia,6800969,Evidentemente no.,11505551
Rinato,6800967,"domani &egrave; sabato, mi daresti una dritta per il super???",1683056
Pippo4321 2.0,6800965,il $ alle stelle favorir&agrave; le ns esportazioni,11657327
pbl933,6800961,"Bankitalia da voce ai mercati finanziari che preferiscono il SI in quanto con il SI non cambia nulla, Renzi rimane, non fa nulla di positivo, qualche danno qua e la, aumenta il debito pubblico, ma almeno lo si conosce. Della Costituzione non gliene importa nulla. Un motivo in pi&ugrave; per un bel NO",2739904
schiller5,6800960,"bravo  con il caos alla fine  chi  ci perde sono i ceti pi&ugrave; poveri  che andranno  al supermarket  e vedranno i prezzi  raddoppiati, il populista trump eletto  contro le lobbies  alla fine lascer&agrave;  wall street  la mano completamente libera  peggio di bush",9647204
Fattucchiera,6800959,perch&eacute; no? non volevi mica i brividi? :DD,2987642
SEMPREINTER,6800955,Mitica Rea Il titolo &quot;terrorizzante &quot;di qsto articolo mi ha fatto &quot;entrare&quot; altrimenti stanotte non avrei dormito!!!..meno male che il tuo &quot;....e lasciateci  votare&quot; e &quot; l'ibernazione &quot;di Fatt mi hanno tolto sto peso sullo stomaco!!!!,3696527
schiller5,6800949,come perch&egrave;??  senza un governo stabile con la prospettiva di ingovernabilit&agrave;  con il rialzo dei tassi usa massiccio  come  si prospetta  appesantito da una politica protezionista crede che lo spread nn esploda  draghi o non draghi? ,9647204
Rea_Silvia,6800947,"Per&ograve;...ci mancava solo che mi scrivessi ' lei non sa chi sono io' e il quadro sarebbe stato completo. Fossi in te mi darei una calmata, ti ricordo che come tutti i lettori stai commentando sul Corriere.it o forse sei uno di quelli che la sa lunga? Come sfollatore di consensi per il SI sei tra i n.1.",11505551
NEPTUNE,6800946,"Qualcuno del forum provi a immaginare uno scenario POSITIVO per il paese e per il popolo Italiano nel caso che vinca il NO, uno solo che abbia una minima possibilita di essere reale.",2714055
Rinato,6800945,forza sci&ograve;!,1683056
schiller5,6800944,scusi se vince il no  lei crede  che  i tassi si riducano?? crede che le aspettative  sull'italia siano migliori senza un governo stabile?,9647204
NEPTUNE,6800936,"percio non crediamo a bankitalia EU USA tutto il mondo finanziario ma crediamo a Brunetta, Grillo, Di Maio Silvio e Salvini loro si che sono disinteressati.. Mi sai dire un istituzione fuori dall'Italia che appoggia il NO?? Te lo dico io , non c'e ne nessuna.",2714055
Mabrune1967,6800932,Ancora non hanno capito che a furia di lanciare di questi allarmi si motiva soltanto la gente a votare no ?,5760939
italia per due,6800927,"Acc! Alla faccia delle disgrazie. Comunque arrivate tardi, o profeti di sventura: quanto andate predicendo si &egrave; gi&agrave; verificato due volte (Brexit e Trump). La vostra fine del mondo c'&egrave; gi&agrave; stata.",3505496
fafi1961,6800926,Allora questi non hanno capito nulla neanche dopo le elezioni in USA. Pi&ugrave; questi banchieri invitano a votare s&igrave; pi&ugrave; le persone voteranno no.,1821192
brina33,6800925,Sono stato incerto tra il si e il no e ho pensato di non votare o di annullare la scheda. Renzi mi sta antipatico come Berlusconi. Ma dopo aver letto le Vostre ragioni e soprattutto il Vostro tono tono ho capito come votare.&#10;Statemi bene.,2738715
schiller5,6800921,"vincere i no per fare che cosa???  sai immaginare le conseguenze del rialzo dei tassi usa  e del $ alle stelle?  certo  tu il passato nn lo conosci,  ma  nel caos  alla fine chi ci rimette sono le fasce  pi&ugrave; deboli nn i ricchi ",9647204
G.Max910,6800920,"Come si fa a credere alle Cassandre del SI e a questo Governo, quando mentono su tutto e decretano successi di riforme e leggi FALLIMENTARI: Job Act, Mare Nostrum, Buona Scuola, taglio cuneo fiscale (80Euro), Spending Review (??), ... Con evidenti risultati fallimentari.",3066336
NEPTUNE,6800919,"Giusto percio non cambiamo NIENTE cosa gli facciamo un dispetto... Il voto di protesta in USA e Trump che cambia direzione il voto di protesta in Italia e non tagliare niente non tagliare i parlamentari non cambiare il titolo V ....Cosi andiamo contro i poteri forti,siete dei veri rivoluzionari",2714055
Rinato,6800918,cambia il repertorio piddino ma la natura delle balle senza riscontro rimane la stessa. Le vostre non-argomentazioni a favore del si sono cibo spazzatura per le orecchie delle persone normali.,1683056
G.Max910,6800917,"Ma come si fa a credere alle Cassandre del SI, quando mentono su tutto e per AUMENTARE le TASSE/IMPOSTE (ultimi due governi) sono passati dalla TARSU alla TARES e alla TARI per poi (non contenti) hanno inserito anche la TASI? Un insulto all'intelligenza del &quot;popolino&quot;.",3066336
schiller5,6800915,"certi italiani sono proprio terra terra  nn  sanno fare la minima correlazione, conoscenze storiche/economiche zero  pensano che se certe cose spariranno nn vi sar&agrave; alcuna conseguenza tangibilesulla vita di tutti i giorni  come un gioco  fanno i tifosi",9647204
Rea_Silvia,6800914,NOOOOOOO! L'ibernazione NOOOO!,11505551
C.M.S.27 Nuraghe Forte,6800912,quella sulle donne era una battuta per fare capire che molte preferiscono gli italiani considerati piu focosi dei  tedeschi ...comunque tranquillo che pure io o fatto la mia parte,9760634
schiller5,6800909,"ma lei crede  che  facendo i sorrisetti eviter&agrave; la tempesta che sta arrivando??  quanti anni ha?  provi  a ricordare le conseguenze  sul resto del mondo del  ciclo in ascesa del $, lei vorrebbe farlo senza governo magari  mettendoci  l'ex steward  di maio del sanpaolo?? l",9647204
Lettore_10642634,6800906,Certo ! Ma quelle personalit&agrave; politiche non pensavano che per approvare una legge servissero 2 anni di rimpalli tra Camera e Senato. Indro,10642634
Pippo4321 2.0,6800903,&quot;gli indicatori di mercato registrano un aumento della volatilit&agrave;&quot; ormai solo i volatili possono cascare in questa trappola tesa a far vincere il SI. Nelle prossime due settimane ne vedremo delle belle :-),11657327
schiller5,6800899,dipende in che valuta  di effettuer&agrave; la stima  oggi il patrimonio degli italiani &egrave; pi&ugrave; alto,9647204
Lettore_3158836,6800898,"Con la riforma del senato si tolgono i privilegi allo 0,00017% delle persone in Italia e si cancellano lo 0,002% dei costi della politica. Un bel balzo in avanti.",3158836
Pippo4321 2.0,6800889,"bye bye Renzi, ma che sta dicendo schiller!!!!! I risparmi, e perch dovrebbero sparire?",11657327
Fattucchiera,6800888,fantastica!!,2987642
Lettore_10442446,6800885," E allora come si fa a votare si quando si vedono Confindustria, Bankitalia, Industriali e Governo (Verdini, Alfano e Renzi) che ti dicono vota si &egrave; per il tuo bene? A Roma dicono:&quot;Ma beato chi ce crede&quot;.",10442446
Lettore_3666008,6800884,"..e perche' no, la TBC, la malaria, ma peggio...la renzite acuta, ovvero forma incurabile di &quot;padre-eterntismo&quot; valdarnese con complicazioni aretine, anzi &quot;laterine&quot;.",3666008
ccapelli,6800882,Legga meno Libero ed il Giornale: il debito pubblico sta calando,1894256
gio_75,6800881,"purtroppo stanno facendo da mille giorni un populismo pazzesco con i soldi nostri, creando ulteriore debito e svendendo la Nazione. Tipico delle Sinistre... accontentare i miseri... ma nessuno che si ricorda di quello che &egrave; successo in Grecia ai miseri quando lo Stato &egrave; fallito.",3020119
ghichi98,6800880,"Per battere Renzi ci sono le elezioni politiche, votando NO si fa solo  un danno a tutti gli italiani, e paradossalmente si rafforza Renzi ( vedi Berlusconi che vinse le politiche del 2008 dopo il NO al referendum costituzionale del 2006).",5680926
ccapelli,6800879,"Carissimo, tempo perso per argomentare con i Lemmings che il 4 dicembre si suicideranno. Consiglio l'espatrio, mi segua",1894256
Fattucchiera,6800876,"potrebbero anche ibernarci tutti, pauraaaaaa!",2987642
pbl933,6800875,"Banca d'italia da il suo appoggio velato al SI, per ingraziarsi la politica, ma ormai  &egrave; una istituzione inutile, che ha anche fallito nei suoi compiti di vigilanza (vedi MPS , Etruria &#38; similia). Ormai solo un centro di privilegi ingiustificati a favore dei suoi dipendenti.",2739904
Rinato,6800873,"dal 16,80% BOT era Ciampi al 25% era Maradona di quanto cambia???  Te lo dico io, meno delle balle di renzi.",1683056
Lettore_1900716,6800872,"Tutta questa tensione e presagio di sciagura , dovute alla sciagurata decisione di un governo , che non ha saputo e voluto preparare una modifica costituzionale mediata in parlamento.&#10;Ha voluto un atto di forza , e la forza non porta mai bene.",1900716
Rea_Silvia,6800866,"Di pi&ugrave;, di pi&ugrave;, ci piace il brivido...peste e colera no?.",11505551
Natalino79,6800864,"Abbiamo gi&agrave; visto che fine fanno le riforme del PD: quella costituzionale imbastita da D'alema &egrave; fallita miseramente aumentando il debito pubblico con il federalismo spendaccione, tanto che &egrave; stata disconosciuta da chi l'ha votata. E anche l'Italicum verr&agrave; miseramente rottamato prima del tempo...",9662017
Lettore_3666008,6800863,"Solito terrorismo para-renziano: pur di aver ragione, il Fenomeno vorrebbe far sprofondare l'Italia nel baratro....ops: lo ha gi&agrave;' fatto!",3666008
franzgus,6800862,"Chi  fa terrorismo sulla  vincita dei NO, sono coloro che da questo putrido modo di governare dei MAI  ELETTI, ne traggono beneficio!&#10;E' pazzesco vedere che chi difende questo &quot;sinistro governo&quot; siano i banchieri, gli industriali, E I GESTORI ROSSI dei &quot;migranti&quot; . E' BENE CHE VINCANO I  NO ! ",5467727
Natalino79,6800855,tutte le belle cose che hai descritto non accadranno di certo votando s&igrave; a questo scempio di riforma...abbiamo gi&agrave; asisstito a riforme miracolose del PD: tutte fallite. La stessa legge elettorale che doveva essere invidiata da mondo intero &egrave; stat rottamata da renzi prima ancora di essere applicata !,9662017
quebecchese17,6800852,Quindi bisogna votare seguendo i dettami delle banche e della finanza? Cosa hanno detto i mercati finanziari dopo la rivoluzione francese? ,3479093
Lettore_2474583,6800851,"Rimaniamo in tema &quot;tasse&quot;. Dialogo tra due tassi: dimmi un po', ma tu paghi le tasse? No, vengono con me solo per amore!.",2474583
Lettore_10442446,6800848,"E allora come si fa a votare si quando si vedono Confindustria, Bankitalia, Industriali e Governo (Verdini, Alfano e Renzi) che ti dicono vota si &egrave; per il tuo bene? A Roma dicono: &quot;Ma beato chi ce crede&quot;.",10442446
contessina,6800847,"In effetti basterebbe  che il  PdC,  o anche un'annuciatrice  TV, riferisse che  interessi  superiori  hanno ordinato la riforma. Senza tutti  questi rituali pseudo garantisti.  Ma  &egrave;  come  con l'Inquisizione , ci  devono torturare  lo stesso anche se  giuriamo fedelt&agrave;. ",5425106
Lettore_2474583,6800846,Ma perch&eacute; le donne tedesche venivano e vengono in Italia ... se tu sei in Germania?!?!,2474583
Rinato,6800845,"una a caso,  quella di renzi father???",1683056
svegliaitalia,6800844,"Credo che il patrimonio italico pro-capite sia ancora di gran lunga superiore. Purtroppo certi poteri qui stanno facendo 'rastrellamenti' (bail-in, tasse IMU e IVA. E pure sequestri x equivalente fiscali: non se ne parla, ma sono drammi) e cercano casa per casa. Tra un po' forse il dato cambier&agrave;...",2695291
rabugento,6800843,AVVERTIMENTO'? Sa di ricatto verso gli elettori.,2461190
Ofelia,6800841,Stai per caso parlando di quell'anziano al suo terzo mandato?Quello che fece 'ammuina'? Che disse che se ne sarebbe andato solo dopo le riforme e se ne and&ograve; dopo l'interrogatorio sulle trattative Stato-mafia? Fatto con le prerogative del Presidente? E non da semplice cittadino?,9798666
Rea_Silvia,6800839,"Vabb&egrave;, a questo punto ci hanno avvertito tutti, non manca pi&ugrave; nessuno. Ora fatela finita di terrorizzare le persone e fateci votare in pace.",11505551
schiller5,6800837,scusi mi spiega lo scandalo dei bond argentini?  se si prendono interessi spropositati dico forse ci sar&agrave; anche qualche rischio o mi sbaglio o lei pensa che gli investitoti siano dei minorenni???,9647204
Lettore_10442446,6800833,"Quindi secondo il suo ragionamento si riforma solo per riformare in peggio o in meglio non importa. Ma allora per dare un segnale proprio la Costituzione dovevamo andare a toccare con tutte le riforme che si poteva fare per dare un segnale, e risolvere i 1000 problemi che abbiamo.",10442446
Fattucchiera,6800832,"calma, quando si parla di Rocco occorre precisare quale: V?",2987642
sergio.1956,6800831,"Beh  non darei scontato il No vincente, cmq resto dell'idea che &egrave; meglio una non riforma che una cattiva e inpopolare.Vedremo quando ci sara un parlamento eletto veramente se andra come dice Lei, io non credo.Renzi disse che avrebbe abolito il senato, cosa che non fara. Questo mi basta per votare NO",5715713
Lettore_9078195,6800823,e se vince il NO' ..  vi saranno 7 anni di carestia ..7 anni di ''piaghe''....VI SAR&agrave; UNA PIOGGIA DI FUOCO   (sui poveri )&#10;vi sar&agrave; l'incremento di TUMORE CARPALE &#10;&#10; ed il colmo dei colmi   (udite..udite )  al popolo verr&agrave; permesso di andare a votare........e forse verr&agrave; ''reinserito .. L'ART. 18....,9078195
Stef60,6800821,"Io la vedo diversa , le banche han chiuso i rubinetti e chiesto di rientrare alle imprese che poi sono fallite, magari col listino ordini pieno . Al resto ci han pensato i tre governi pidd&igrave; non eletti.",3723744
Rinato,6800819,scusi... ma  &quot;oggi&quot; cosa c'&egrave; che non va e che LEI - argomentando- pu&ograve; imputare alla mancanza di schiforma costituzionale?,1683056
svegliaitalia,6800816,"Istituto PRIVATO di diritto pubblico. A parte INPS e INAIL (che insieme detengono il 5,67%), tutti gli altri proprietari (azionisti) sono privati. ",2695291
Fattucchiera,6800815,c'&egrave; proprio da fidarsi!,2987642
schiller5,6800803,a 60 anni si dovrebbe  avere una memoria storica.minima  nei 70 argentina e brasile  crescevano a 2 cifre..poi  con il $ alto..patatrak..paesi comunisti idem.nei 90'2000?  $ in salita e asia in default  come sudamerica  e turchia..e lei vuole affrontare questa tempesta senza  governo e fuori dall &euro;?,9647204
Lettore_2975337,6800802,"Di Maio ci ha rassicurati che se vince il no non succeder&agrave; nulla sui mercati, tanto le sue azioni non le tiene certo in Italia. Sar&agrave; invece  una bella batosta per lo spread e per i titoli finanziari ad alta volatilit&agrave;, col debito che continuer&ograve; a crescere. Altro che reddito di cittadinanza",2975337
Lettore_9030201,6800795,Turbolenze dei mercati? Gli italiani da mo' sono in turbolenza.E' ora di finirla di far arricchire chi gi&agrave; vive nel lusso ,9030201
svegliaitalia,6800790,"Nell'era Napolitano, in Italia s'&egrave; perduta l'attitudine al voto. Scelta...coerente: a sx fanno come pare a loro, a prescindere da esiti dell'urna, le hanno soppresse del tutto - adeguandosi anche in ci&ograve; all'austerit&agrave; imposta da Berlino. Cos&igrave; risparmiamo. C'&egrave; del metodo al Nazareno... Aho, so' bbravi",2695291
ASTOLFI LUIGI,6800789,"a si? la prossima riforma si far&agrave; tra 20 anni! come fa a mettere d'accordo pd, pdl e 5stelle?  e nel frattempo nessuno si dovr&agrave; lamentare se le cose non vanno... visto che vinceranno i no",1509961
Lettore_12998612,6800786,peggio della Brexit.. se vince il No Optimus Prime conquistera' il mondo.. Rocky perdera' il titolo di campione del mondo.. e soprattutto Rocco tornera' vergine..ahahahahahah,12998612
alex52,6800785,"al lupo al lupo, Sig. Savelli cosa voter&agrave; lei?",956436
Lettore_12998612,6800780,"ah BankItalia, istituto di diritto Publico partecipata al 90% da 3 banche principali.. Intesa/Unicredit e Mps e la quale nel corso degli anni ha permesso in ordine cronologico:1) scandalo dei bond argentini 2) scandalo dei bond Cirio e Parmalat&#10;4) Fallimento con &quot;supposta&quot; dei soci delle popolari..",12998612
gianvalle,6800778,Qui il problema non &egrave; il bicameralismo ma l'economia e la sicurezza degli Italiani: il Governo continua con la politica elettorale dei bonus aumentando il debito pubblico e con l'immissione senza freni di cento-duecento mila immigrati l'anno senza poterli integrare date le condizioni del paese!,9231908
Lettore_10618828,6800774,"Per gli economisti le cose sono chiare,poco importa se un paese non e' libero e se la ricchezza e' in mano all'1% della popolazione  e ai gangster mentre la stra grande maggioranza della gente ha mille problemi, Conta lo spred il PIL  ,le banche e la finanza ,ricca.Le visioni stanno cambiando.",10618828
C.M.S.27 Nuraghe Forte,6800773,"prima tra case private e Conti bancari gli italiani superavano i tedeschi in ricchezza  dove in maggioranza abitavano in affitto e avevano Conti bancari ridicoli ..nella DDR poi c,era solo la fame ..molti si facevano il prestito in banca per andare in italia in ferie ...specialmente le donne",9760634
tomari,6800772,Guarda che Salvini risulta fra i pi&ugrave; presenti. Informarsi! Vada a vedere sul sito della ue (minuscolo voluto),13013797
Lettore_1906926,6800769,"Quindi lei sta proponendo di andare noi da loro visto che loro sono morti e non possono venirci a modificare la Costituzione. Ottima scelta! Suicidiamoci tutti, votiamo NO!",1906926
tomari,6800767,"Taglio delle tasse? Non me ne sono accorto; forse Padoan si riferiva alle TASSE,le femmine dei graziosi mustelidi che vivono accanto ai corsi d'acqua...",13013797
Fattucchiera,6800766,che novit&agrave; sarebbe? ;),2987642
schiller5,6800765,perch&egrave; lei crede  che se vince il no  tutto fili liscio i tassi d'interesse si abbassino  gli investimenti arrivino a frotte in italia  tutto vada per il meglio???  se vince il no cade il governo e l'italia  si avvier&agrave; verso il caos proprio in un momento  di instabilit&agrave; mondiale  bye bye risparmi  ,9647204
G.Max910,6800761,"Sostenitori del regime, SIATE SERENI, con quei 4 mln di schede all'estero senza controllo, alla fine, vincer&agrave; per qualche *STRANISSIMO* motivo il &quot;SI&quot; !!",3066336
sergio.1956,6800759,"il momento si avvicina e le cassandre fanno sentire la loro voce.I comunisti mangiano i bambini,il millennium bug distruggera i pc e adesso se vincer&agrave; il NO catastrofe monetaria e rovina del paese.Ma quando si finira con questo terrorismo ad arte.Non succedera nulla, morto un papa se ne fa un'altro.",5715713
Lettore_12998612,6800758,mi potrebbe dire cosa recita il nuovo articolo 57 comma 2 della nuova schiforma??? visto che a noi del no non interessa entrare nel merito della riforma??ahahaha,12998612
Lettore_1906926,6800756,"Stanno tutti l&igrave; a guardare se l'Italia comatosa riesce a muovere il ditino e a dire S&igrave;, sono ancora viva, forse mi posso riprendere, oppure &egrave; il caso di tirare su il lenzuolo: ora del decesso: 22:01 del 4 dicembre 2016.. Motivo del decesso: inerzia patologica. Una prece.",1906926
schiller5,6800755,"ma che favole sta raccontando  con la crisi che c'&egrave; stata le  banche  minori &egrave; logico  che abbiano sofferto, quelle  banche sono in dissesto  proprio perch&egrave;  hanno dato troppi soldi a  delle imprese  che poi sono fallite",9647204
G.Max910,6800753,"La solidit&agrave; patrimoniale delle famiglie? Gi&agrave;, mentre l'altro giorno la Relazione Caritas segnalava che i poveri stanno aumentando pericolosamente. Turbolenze? Gi&agrave;, come la Brexit ... Tutti schierati per la PROPAGANDA di regime.",3066336
schiller5,6800751,"ma lei nn sa nemmeno cosa sia il peggio  provi a vedere  come sono andati  gli stati periferici   nei primi anni 80  e alla fine degli anni 90/2000  quando il $  &egrave; stato in forte ascesa  vuole fare  quella fine?  significa nn mangiare, noi grazie all' appartenenza all'&euro;  nn soffrimmo  l'ultima volta",9647204
Lettore_12998612,6800749,sono avvertite forti turbolenze.. sembrano gli avvertimenti di  ryanair.. si pregano i signori clienti di restare seduti con le cinture allacciate fio allo spegnimento dell'apposito segnale..&#10;Ecco un modo di cercare di influenzare il voto.. evidententemente Trump non ha insegnato niente.,12998612
Lettore_7780822,6800744,In entrambi i casi sapete cosa succeder&agrave;... Niente!,7780822
Ofelia,6800739,"Non un progresso democratico reale &egrave; stato fatto a parte il posizionamento di &lsquo;tutti gli uomini del presidente&rsquo; nei posti chiave.La riforma del senato spacciata x risparmio con blindati di secondo livello immuni,riforma el.tipo pongo sfornata come perfetta,guappi in Regione da far vergogna.&#10;&#10;",9798666
alter1,6800738,"Ma, a parte gli slogan prelevati dal blog, i tanti che riempiono i forum per convincere a votare no sanno esattamente di cosa stanno parlando?&#10;Io personalmente, come cerco di fare sempre, mi sono letto cosa viene proposto, comparando vecchio e nuovo. &#10;La riforma non interessa, l'obiettivo &egrave; un altro",2179947
Lettore_10618828,6800731,"Mi pare che siano ormai troppi anni che in Italia si fa come vuole il resto del mondo e non gli italiani. Quando si dice che le cose andranno peggio ,si dimentica che per una parte degli italiani sono gia' andate peggio, non per l'altra .",10618828
Bouvard,6800724,"in effetti da noi e' pi&ugrave; controversa la faccenda su chi possa essere considerato odiato establishment. Ma credo che l'orientamento ben visibile dei media maggiori e della Rai, nonch&eacute; gli interventi di istituzioni come Bankitalia e Tar aiutino chi lo identifica con l'attuale governo",11650126
joesgarage,6800718,"Ci sono sempre turbolenze quando un paese vota. Che si fa, si aboliscono le votazione x timore dello spread ? ",1973793
roberto1990,6800714,Come si pu&ograve; votare No quando si vedono La Russa in combinata con Landini a far campagna  assieme. Questi vogliono solo mandenere le loro poltrone in Parlamento ed in tanti Enti inutili faqtti solo per dar da mangiare ai politici trombati.   Contro questo schifo che critichiamo e subiamo da anni: SI ,7977439
Stef60,6800713,"Il warning arriva da un istituto che ha permesso lo scandalo delle 4 banche , che ha lasciato in pace Mps dopo operazioni spregiudicate, che nulla pu&ograve; se i denari BCE non arrivano a famiglie e imprese , e non stampa moneta. Da ascoltare proprio.",3723744
C.M.S.27 Nuraghe Forte,6800709,semmai i Wienerwald ...qui erano numerosi insieme agli Imbiss ..poi siamo arrivati noi e gli abbiamo fregati con le pizzerie ,9760634
marziamar,6800707,"Ed ecco di nuovo i burattinai che sventolano lo spauracchio, spero che gli Italiani non si lascino abbindolare",5167549
EconomicMirror,6800706,"molti Italiani sanno solo lamentarsi: odiano i politici ma non vogliono cambiare un bicameralismo vecchio e ottuso, vogliono la trasparenza ma sono i primi evasori al mondo, vogliono il lavoro ma si accaniscono contro qualsiasi persona abbia voglia di fare. Questa &egrave; la triste realt&agrave;.",6065028
svegliaitalia,6800702,"A tal punto la propaganda s'&egrave; incuneata? Pur con disastri, suicidi di lavoratori e imprenditori, disoccupazione, perdita di sicurezza economica su futuro (dove metti i 5&euro; del TFR? Immobili? Ahahah. Azioni? Ahia! E la pensione quando te la sforbiceranno ancora?), ancora i feticisti dell'euro? Giulivi",2695291
ASTOLFI LUIGI,6800701,si perch&egrave; dimostra che l'Italia &egrave; un paese diviso che non sa fare riforma rimarr&agrave; sempre pi&ugrave; indietro... la gente non investe pi&ugrave; su questo paese e fa bene!!!,1509961
C.M.S.27 Nuraghe Forte,6800697,parlo del 2000 o giu di li ..la Germania all.epoca era la malata d.europa mentre in italy stavate molto meglio  di qui e di oggi  ..specialmente della DDR...poi e arrivato l.euro ..i tedeschi sono guariti e voi vi siete ammalati,9760634
Spazio1999,6800695,"E se li immagina lei i Suddetti, riuniti in Assemblea costituente, prestare attenzione alle previsioni di Bankitalia?",8981140
Il Toma,6800692,"Ma neanche che lo renda un paese invivibile. La riforma Boschi &egrave; solo una pessima riforma che cerca di assicurare pi&ugrave; potere possibile a Renzi e al PD. Senato dalle regioni 15/20 in mano al PD, ci hanno provato alla Camera ma gli &egrave; riuscita proprio male. Riforma invotabile per questo",7800171
Volpegrigia,6800690,"Perch&eacute; quando leggo i suoi post, mi viene una gran &quot;voglia&quot; di &quot;differenziarmi da lei&quot;, al punto che sarei anche disposto a votare SI'!!!???",2752220
silvi50,6800689,"se si tratta di abolire va bene, se si tratta di avere un'ulteriore pletora di &quot;non eletti&quot; dal popolo....va male...",2701834
NEPTUNE,6800688,Per i grillini il referendum e una deriva AUTORITARIA contro la democrazia invece il loro partito con a capo Grillo e Casaleggio e democraticissimo e se andasse al potere questo sarebbe un bene .. ma per favore !  ,2714055
Lettore_10442446,6800686,Ma xch&egrave; una costituzione che c'&egrave; da 60 anni ora di improvviso dovrebbe provocare instabilit&agrave; ai mercati? E poi se le banche dicono di votare si per il nostro bene allora io voto no perch&egrave; fino ad oggi il bene mio non ha coinciso mai col bene delle banche neanche una volta.,10442446
fabio1968,6800682,"Sono anni che ci lamentiamo di questaq classe politica vecchia, lontana dalla gente e corrotta: ora c'&egrave; l'occasione di fare una piccola pulizia e non ci va bene: Chi &egrave; causa del suo mal .. la smetta di lamentarsi. SI SI SI convintissimo.",2523103
Spazio1999,6800681,"Adesso per&ograve; non facciamo confusione: a quei tempi 'la' Germania era la met&agrave; di quella attuale, visto che era divisa in due Germanie, una a Est e una a Ovest.",8981140
NEPTUNE,6800680,Sicuro... talmente ricchi che i Tedeschi infatti emigravano in Italia  e tu invece sei emigrato in Germania ....Famosi gli anni che eravamo pieni di camerieri e pizzerie Tedesche...ah ah ah,2714055
Spazio1999,6800676,"Di furibondo vedo soltanto l'accanimento contro chi voter&agrave; NO: a sentire questa 'nuova guardia' (ma chi ci dice che sia migliore della 'vecchia'?), se vince il NO sar&agrave; l'apocalisse. Adesso anche Bankitalia...",8981140
Lettore_2508327,6800674,gli scribacchini lussemburghesi minacciano e usano tutte le armi di distrazione di massa. ..che paura....&#10;Je m'en fous come diceva il signorotto da Bruxelles.......,2508327
C.M.S.27 Nuraghe Forte,6800672,si perdiamo noi del no l.affare con i barconi,9760634
ares70,6800671,"Quando? Negli anni del boom (60) ?! Ma per piacere, la sua battuta farebbe ridere se non ci fosse da piangere...",8679464
pidema,6800668,La differenza sostanziale tra il contenuto dell&rsquo;articolo e il titolo la dice lunga sull&rsquo;uso degli slogan pubblicitari di chi per dovere di carica deve assolutamente appoggiare il si. Con la continua oscillazione speculativa delle banche pochi hanno fatto molti soldi. ,10743772
pepiprisco,6800667,"I poteri forti, banche, assicurazioni,centri di potere finanziari, tutti filo governativi,tentano ancora una volta di spaventare i cittadini.Con ancor maggior convinzione e desiderio di libert&agrave;,spero che il popolo sapr&agrave; dire NO ai ricatti mediatici,alla dittatura dello spread,alla prevaricazione.",1852514
sergio49,6800666,"caro SAPIENTINO, lei che &egrave; cos&igrave; &quot;preparato&quot; voti pure per il suo pdc e per la sua riforma , si ricordi che c'&egrave; sempre una maggioranza silenziosa che esce fuori al momento opportuno e ci sar&agrave; da ridere. REMEMBER BREXIT e TRUMP !!",9525312
GIUSEPPE COSTARELLA,6800665,"La discesa in campo di bankitalia era il tassello che mancava per assicurare il trionfo del NO,  avendo gli elettori dimostrato anche negli USA di non farsi condizionare dai poteri forti che si avventurano in fantasiose previsioni, prive di concretezza, con la speranza di suscitare panico. ",10210225
Spazio1999,6800663,"Lei finge di non vedere che potrebbe esserci di peggio, che non &laquo;gli splendori dell'era Amato/Prodi/D'Alema/Berlusconi/Monti/Letta&raquo;: potremmo andare incontro agli 'splendori' dell'era Renzi! NO!!!",8981140
ASTOLFI LUIGI,6800662,"Il problema &egrave; che faremo la fine della Spagna, con tre partiti, distinti e divisi non si riuscir&agrave; a fare un governo, nelle prossime elezioni",1509961
ares70,6800660,Guardi che NO &egrave; PER LA CASTA POLITICA!!! Non vede che sono tutti d'accordo dall'estrema destra alla sinistra?!?! Avranno meno potere ricattatorio e questo li spaventa... SVEGLIAAAA!!!!!,8679464
NEPTUNE,6800657,ah ah ah contro la casta POLITICA cosa ce di meglio che lasciare 1000 parlamentari a 20000 euro mese.... Per punirli li lasci tutti li con il loro stipendio integro.. ah ah ah,2714055
Spazio1999,6800655,L'elettorato quando vota vota sempre bene. Almeno in una democrazia. Soltanto nelle dittature l'elettorato pu&ograve; votare bene o male (rispetto agli interessi del regime): ha presente le elezioni del 1929?,8981140
ares70,6800654,"Qui non &egrave; questioni di spread o di antipatia verso renzi. Qui i tratta di decidere se eliminare il bicameralismo perfetto (o preferisce avere 900 persone a fare le stesse cose) abolire un'ente inutile, eliminare la conflittualit&agrave; perenne tra stato e regioni, stabilire date certe per le leggi ecc...",8679464
NEPTUNE,6800653,"Cosa ti fa pensare che le istituzioni e l'establishment siamo per il SI a tagliare se stessi,? Il voto di protesta e il voto di cambiamento non per lasciare tutto cosi come e",2714055
sergio49,6800650,"ultimi &quot; avvertimenti &quot; dei POTERI FORTI.......... e il NO diventa sempre pi&ugrave; STRACONVINTO ! NON SE NE PUO' PIU' di questa campagna pro -pdc , 3/4 dei media sono SCHIERATI  ! Al NO solo briciole , l'agcom si &egrave; ricordata solo ieri della par condicio : VERGOGNA !!!",9525312
roberto1990,6800647,"Sempre pi&ugrave; sicuro per un SI convinto: la vecchia guardia si &egrave; scatenata in una campagna furibonda per il No, per paura di perdere qualche poltrona e qualche losco ma reddittizio affare.&#10;",7977439
C.M.S.27 Nuraghe Forte,6800645,con la liretta italy era la 5 potenza economica mondiale ...oggi forse la 50 esima...era addirittura piu ricca della Germania ,9760634
NEPTUNE,6800644,"No, in USA il popolo ha votato contro le istituzioni per il cambiamento in Italia il NO e per le istituzioni per mantenere lo Status Quo, cioe il mantenimento dell'establishment , che voto di protesta sarebbe lasciare tutto come &egrave; ?Non facciamo paragoni assurdi",2714055
C.M.S.27 Nuraghe Forte,6800637,solo per curiosita&acute;...in italia state gia votando o dovete aspettare il 4 dicembre,9760634
NEPTUNE,6800635,"Se ce da sprecare e mangiare la costituzione non e la piu bella del mondo se ce da tagliare invece non va bene, siamo proprio come la Grecia ci serve la Troika per evitare che finiamo come il Venerzuela",2714055
keysteal incavolato,6800627,con il NO non andr&agrave; meglio ma almeno decidiamo poi noi con elezioni chi governarci..,119420
rabugento,6800626,....ancora con questa storia che gi&agrave; conosciamo. NO forte e chiaro contro la casta politica .,2461190
ares70,6800624,"... era meglio il bocconiano,il milanese e il pisano vero?",8679464
Bouvard,6800620,"questo referendum sar&agrave; l'ennesima cartina di tornasole di un fenomeno che va dilagando in tutto il mondo occidentale, che si potrebbe semplificare cos&igrave;: pi&ugrave; le istituzioni orientano in una direzione, pi&ugrave; i popoli prendono quella opposta",11650126
ares70,6800619,E poi? Ha gi&agrave; l'italia risorge dalle tenebre in cui renzi l'ha cacciata tornando agli splendori dell'era Amato/Prodi/D'Alema/Berlusconi/Monti/Letta!!! Non vedo l'ora...,8679464
Natalino79,6800616,"questo &egrave; il genere di articolo che, se ce ne fosse bisogno, mi invoglia ancor di pi&ugrave; a votare NO! NO, perch&egrave; &egrave; una pessima riforma,  e con le minacce di spread ci faccio la birra!! NO !",9662017
ares70,6800614,Caro siamo solo all'inizio. Le ricordo che l'inghilterra non &egrave; ancora uscita dalla UE e la sterlina si &egrave; gi&agrave; svalutata (non a caso molti stano cercando disperatamente di ammorbidire l'uscita o addirittura di evitarla..) inoltre loro hanno la sterlina non cosa avremmo? Le piace cos&igrave; tanto la liretta?,8679464
saturnic,6800613,"dagli all'untore. Se c'&egrave; la peste si cerca l'untore. Ma andate a farvi benedire . BASTA  con i nominati . Basta col napolitano, monti e renzi. SIAMO CITTADINI E NON SUDDITI. VOTARE NO!!!!!!",5247852
ares70,6800607,Tu invece conserverai i diritti di chi va la di farsi beatamente i suoi affari sulle nostra spalle!!! Altro che libert&agrave; del popolo!&#10;Ma non le sono bastate 40 anni di malaffare continuo (e crescente col tempo...) per capire come le stanno le cose?,8679464
C.M.S.27 Nuraghe Forte,6800602,be se tu credi che il fiorentino sia meglio e forse perche&acute;non vivi in italy,9760634
svegliaitalia,6800600,"Ale, come lotti!! Ahahah, grande. Bacio",2695291
svegliaitalia,6800599,"Non arrivano pi&ugrave; i giornali a casa tua? Se s&igrave;, aprili e sfoglia fino alle pagine economiche. Se non hai il Sole24ore, ti raccontano verit&agrave; su PIL (il pi&ugrave; alto insieme a Spagna che nemmeno parla pi&ugrave; con Brussels e sfora il deficit al 5%), su bilancia commerciale e andamento borsistico...  Sereno!",2695291
C.M.S.27 Nuraghe Forte,6800598,"gia votato ,,,e non e uno JA ma bensi un NEIN",9760634
ares70,6800595,"Non le sembra che bisognerebbe aspettare che, almeno, entri in carica per stabilire cosa ha o non ha fatto?!  ",8679464
Lettore_8361951,6800593,Turbolenze in arrivo ? Allacciare la cinghia di sicurezza. E stringerla molto,8361951
Lettore_10863665,6800589,cara banca Italia la turbolenza l'avete creata voi che ci avete rapinato i risparmi....,10863665
NEPTUNE,6800588,Devono abbocare invece che bisogna salvare LA BELLA COSTITUZIONE = salvere tante poltrone e tanti parassiti? ,2714055
Lettore_10863665,6800587,"scandalosa che la banca d'Italia prenda cos&igrave; netta posizione in favore del si,mi ricordano i preti che dicevano di votare la dc,perch&egrave; i comunisti mangiavano i bambini,vergognoso..",10863665
NEPTUNE,6800583,"UK non va meglio anzi non vogliono uscire dalla EU e Trump sara operativo da Gennaio, di cosa parlate? Se poi devo sperare che l'Italia con il NO vada meglio senza il minimo riscontro logico io preferisco usare la testa e non la pancia. Non ce nessuna possibilita che il NO renda l'Italia migliore",2714055
NEPTUNE,6800574,"E dopo 20 anni di mancate riforme si cerca di allineare il nostro sistema politico con gli altri paese e il popolo vota NO? ma stiamo scherzando? Percio vogliamo continuare ad essere il paese con i barbieri piu pagati al mondo, 2300 miliadi di debiti e 100.000 emigranti anno",2714055
Rap_67,6800573,Forse i grandi che hanno scritto la nostra Costituzione non immaginavano il debito pubblico che avrebbero creato  . C'&egrave; stata solo una revisione di 34 art +13 conseguenziali che correggono anche il federalismo sprecone delle regioni che &eacute; stato fatto nel 2001 . Votare Si ,12338563
MrTuzzo,6800570,Ad ogni modo le ondate di migliaia di clandestini a settimana continuano. Di queste nessun avvertimento?,1351343
MrTuzzo,6800569,Bene!!! Quindi ancora piu' forte il NO,1351343
Maria Gra.,6800567,"Non comprendo queste dichiarazioni apodittiche di Bankitalia e, ancora meno, questa cassa di risonanza dei media che, peraltro, fanno il loro lavoro. Anche perch&eacute;, se queste sono le condizioni, si faccia prima ad abolire lo strumento referendario e stop! Allucinante!!",8885586
TheLastEmperor,6800564,"Se vince il no, Renzie va a casa, ecco cosa succede.&#10;Le altre premonizioni catastrofiche sono per impaurire i tapini, tutto qui.",12354366
Lettore_11456698,6800562,Il 5 Dicembre il sole sorger&agrave; ancora col si o col no. Basta terrorismo di stato rispettate i cittadini,11456698
Fattucchiera,6800556,perch&eacute; non lo sa.,2987642
Iena Plinsky,6800555,Speculazione momentanee... comunque vada troveranno un modo per stabilizzarsi,9582156
Fattucchiera,6800554,"idem, stessa speranza, stessa paura.",2987642
non italiota,6800553,"Tranquillo,, oramai gli italiani hanno capito e la maggioranza non si far&agrave; fregare dai media e istituzioni politicizzate.",2878862
keysteal incavolato,6800552,gi&agrave; la seriet&agrave; s'e' persa concedendo 3 governi non eletti...solo cosi' la sinistra &egrave; capace di governare...,119420
Ofelia,6800551,"'Attesa' certo.Anche io attendo.Turbolenza ,certo,come ogni attesa.Non si dice  timore che vinca il no.Su, sbrigamose:un bel No e tutto si placa.Migliora,credo",9798666
keysteal incavolato,6800550,"io spero di vedere gli italiani rialzare la testa e mandarli tutti a casa una volta per tutte. Il terrore io ce l'ho, se faremo proseguire Renzi per altri 2 anni...",119420
keysteal incavolato,6800547,"Sono veramente rattristato nel vedere che statisti di qualsiasi partito non esistano pi&ugrave;. Si poteva essere anti-comunisti, ma essere ammirati da un battagliero Berlinguer. Il parlamento rispecchia la deriva sociale dell'Italia, quindi eccoci serviti.",119420
paolino337,6800546,"L'elettorato italiano &egrave; come quello inglese: non sa votare (se vincesse il &quot;NO&quot;). Tutto il mondo sa alla perfezione che se vincesse Grillo e company sarebbe un disastro economico senza uguali. Vogliamo mandare a governare Grillo, Appendino e Raggi? o, addirittura,  Di Battista? Siamo seri!",5670980
gc100,6800544,"Banchitalia se ne accorge ora poco prima del referendum ? Molto strano, perch&egrave; sono anni che le turbolenze in borsa  italiano esistono.  La borsa peggiore del mondo : perch&egrave; Renzi non ce lo spiega ?",1764728
nmollica,6800542,"I mercati si adegueranno esattamente come &egrave; successo negli USA. Basta tentare di condizionare la libera volont&agrave; dei cittadini! Anche per non attacca pi&ugrave;, anzi produce l'effetto contrario!",12047729
keysteal incavolato,6800540,"che l'Inghilterra va meglio di prima? 2,4 % Pil, 4,8 % disoccupazione, moneta sovrana..hai bisogno di altro? O forse la mia insicurezza &egrave; per gli italiani? Io ho sempre una vaga speranza che gli italiani si sveglino..se facciamo vincere il pifferaio siamo finiti.",119420
Fattucchiera,6800538,"Concordo. franceschini sulla 7 ora di pranzo: non si poteva sentire, terrorismo allo stato puro per imbesuiti. Basta! #IOvotoNO",2987642
gnarooo,6800535,"cos&igrave; come per Trump. Cataclisma, devastazione e scenari apocalittici e poi? non &egrave; successo un beato cappero",3679079
paolino337,6800533,sei proprio sicuro?&#10;,5670980
agrigento,6800531,"A scrivere l'attuale Costituzione sono state Figure importanti come Aldo Moro, Luigi Einaudi, Alcide De Gasperi, Piero Calamandrei. A volerla cambiare Matteo Renzi, Angelina Alfano, Denis Verdini. Io voter&ograve; un No convinto il 4 dicembre per conservare i Diritti di Libert&agrave;, Giustizia e Democrazia. ",8035554
keysteal incavolato,6800526,spero che gli italiani non abbocchino al clima di terrore che ci propongono media e istituzioni politicizzate..l'Inghilterra va meglio di prima cari miei.,119420
